n,l,j,F_initial,mF_initial,F_final,mF_final,q,Wavelength (nm),TDM (a.u.)
6,1,0.5,3,-3,3,-3,0,894.5929991351851,1.377929836180892
6,1,0.5,3,-3,3,-2,1,894.5929991351851,-0.7955481618434548
6,1,0.5,3,-2,3,-3,-1,894.5929991351851,0.7955481618434548
6,1,0.5,3,-2,3,-2,0,894.5929991351851,0.9186198907872611
6,1,0.5,3,-2,3,-1,1,894.5929991351851,-1.0270482606418743
6,1,0.5,3,-1,3,-2,-1,894.5929991351851,1.0270482606418745
6,1,0.5,3,-1,3,-1,0,894.5929991351851,0.45930994539363057
6,1,0.5,3,-1,3,0,1,894.5929991351851,-1.1250749999999996
6,1,0.5,3,0,3,-1,-1,894.5929991351851,1.1250749999999996
6,1,0.5,3,0,3,0,0,894.5929991351851,0.0
6,1,0.5,3,0,3,1,1,894.5929991351851,-1.1250749999999996
6,1,0.5,3,1,3,0,-1,894.5929991351851,1.1250749999999996
6,1,0.5,3,1,3,1,0,894.5929991351851,-0.45930994539363057
6,1,0.5,3,1,3,2,1,894.5929991351851,-1.0270482606418745
6,1,0.5,3,2,3,1,-1,894.5929991351851,1.0270482606418743
6,1,0.5,3,2,3,2,0,894.5929991351851,-0.9186198907872611
6,1,0.5,3,2,3,3,1,894.5929991351851,-0.7955481618434548
6,1,0.5,3,3,3,2,-1,894.5929991351851,0.7955481618434548
6,1,0.5,3,3,3,3,0,894.5929991351851,-1.377929836180892
6,1,0.5,3,-3,4,-4,-1,894.5929991351851,-2.4304397804204076
6,1,0.5,3,-3,4,-3,0,894.5929991351851,1.2152198902102038
6,1,0.5,3,-3,4,-2,1,894.5929991351851,-0.4593099453936307
6,1,0.5,3,-2,4,-3,-1,894.5929991351851,-2.1048225922123462
6,1,0.5,3,-2,4,-2,0,894.5929991351851,1.5910963236869096
6,1,0.5,3,-2,4,-1,1,894.5929991351851,-0.7955481618434548
6,1,0.5,3,-1,4,-2,-1,894.5929991351851,-1.7788997692569697
6,1,0.5,3,-1,4,-1,0,894.5929991351851,1.7788997692569697
6,1,0.5,3,-1,4,0,1,894.5929991351851,-1.1250749999999996
6,1,0.5,3,0,4,-1,-1,894.5929991351851,-1.4524655794114363
6,1,0.5,3,0,4,0,0,894.5929991351851,1.8372397815745227
6,1,0.5,3,0,4,1,1,894.5929991351851,-1.4524655794114363
6,1,0.5,3,1,4,0,-1,894.5929991351851,-1.1250749999999996
6,1,0.5,3,1,4,1,0,894.5929991351851,1.778899769256969
6,1,0.5,3,1,4,2,1,894.5929991351851,-1.7788997692569697
6,1,0.5,3,2,4,1,-1,894.5929991351851,-0.7955481618434548
6,1,0.5,3,2,4,2,0,894.5929991351851,1.5910963236869096
6,1,0.5,3,2,4,3,1,894.5929991351851,-2.1048225922123462
6,1,0.5,3,3,4,2,-1,894.5929991351851,-0.4593099453936307
6,1,0.5,3,3,4,3,0,894.5929991351851,1.2152198902102038
6,1,0.5,3,3,4,4,1,894.5929991351851,-2.4304397804204076
6,1,0.5,4,-4,3,-3,1,894.5929991351851,2.430439780420408
6,1,0.5,4,-3,3,-3,0,894.5929991351851,1.215219890210204
6,1,0.5,4,-3,3,-2,1,894.5929991351851,2.1048225922123462
6,1,0.5,4,-2,3,-3,-1,894.5929991351851,0.4593099453936307
6,1,0.5,4,-2,3,-2,0,894.5929991351851,1.5910963236869096
6,1,0.5,4,-2,3,-1,1,894.5929991351851,1.778899769256969
6,1,0.5,4,-1,3,-2,-1,894.5929991351851,0.7955481618434548
6,1,0.5,4,-1,3,-1,0,894.5929991351851,1.778899769256969
6,1,0.5,4,-1,3,0,1,894.5929991351851,1.4524655794114363
6,1,0.5,4,0,3,-1,-1,894.5929991351851,1.1250749999999996
6,1,0.5,4,0,3,0,0,894.5929991351851,1.8372397815745227
6,1,0.5,4,0,3,1,1,894.5929991351851,1.1250749999999996
6,1,0.5,4,1,3,0,-1,894.5929991351851,1.4524655794114363
6,1,0.5,4,1,3,1,0,894.5929991351851,1.778899769256969
6,1,0.5,4,1,3,2,1,894.5929991351851,0.7955481618434548
6,1,0.5,4,2,3,1,-1,894.5929991351851,1.778899769256969
6,1,0.5,4,2,3,2,0,894.5929991351851,1.5910963236869096
6,1,0.5,4,2,3,3,1,894.5929991351851,0.4593099453936307
6,1,0.5,4,3,3,2,-1,894.5929991351851,2.1048225922123462
6,1,0.5,4,3,3,3,0,894.5929991351851,1.215219890210204
6,1,0.5,4,4,3,3,-1,894.5929991351851,2.430439780420408
6,1,0.5,4,-4,4,-4,0,894.5929991351851,-1.8372397815745227
6,1,0.5,4,-4,4,-3,1,894.5929991351851,0.9186198907872614
6,1,0.5,4,-3,4,-4,-1,894.5929991351851,-0.9186198907872614
6,1,0.5,4,-3,4,-3,0,894.5929991351851,-1.3779298361808923
6,1,0.5,4,-3,4,-2,1,894.5929991351851,1.215219890210204
6,1,0.5,4,-2,4,-3,-1,894.5929991351851,-1.215219890210204
6,1,0.5,4,-2,4,-2,0,894.5929991351851,-0.9186198907872613
6,1,0.5,4,-2,4,-1,1,894.5929991351851,1.377929836180892
6,1,0.5,4,-1,4,-2,-1,894.5929991351851,-1.377929836180892
6,1,0.5,4,-1,4,-1,0,894.5929991351851,-0.4593099453936306
6,1,0.5,4,-1,4,0,1,894.5929991351851,1.4524655794114363
6,1,0.5,4,0,4,-1,-1,894.5929991351851,-1.4524655794114367
6,1,0.5,4,0,4,0,0,894.5929991351851,-0.0
6,1,0.5,4,0,4,1,1,894.5929991351851,1.4524655794114363
6,1,0.5,4,1,4,0,-1,894.5929991351851,-1.4524655794114363
6,1,0.5,4,1,4,1,0,894.5929991351851,0.4593099453936306
6,1,0.5,4,1,4,2,1,894.5929991351851,1.377929836180892
6,1,0.5,4,2,4,1,-1,894.5929991351851,-1.377929836180892
6,1,0.5,4,2,4,2,0,894.5929991351851,0.9186198907872613
6,1,0.5,4,2,4,3,1,894.5929991351851,1.215219890210204
6,1,0.5,4,3,4,2,-1,894.5929991351851,-1.215219890210204
6,1,0.5,4,3,4,3,0,894.5929991351851,1.3779298361808923
6,1,0.5,4,3,4,4,1,894.5929991351851,0.9186198907872614
6,1,0.5,4,4,4,3,-1,894.5929991351851,-0.9186198907872614
6,1,0.5,4,4,4,4,0,894.5929991351851,1.8372397815745227
6,1,1.5,3,-3,2,-2,1,852.3473131520855,2.676476751587002
6,1,1.5,3,-2,2,-2,0,852.3473131520855,1.545264573008531
6,1,1.5,3,-2,2,-1,1,852.3473131520855,2.185334116603334
6,1,1.5,3,-1,2,-2,-1,852.3473131520855,0.6910633256938523
6,1,1.5,3,-1,2,-1,0,852.3473131520855,1.9546222553098025
6,1,1.5,3,-1,2,0,1,852.3473131520855,1.6927525279007225
6,1,1.5,3,0,2,-1,-1,852.3473131520855,1.1969567913492711
6,1,1.5,3,0,2,0,0,852.3473131520855,2.073189977081557
6,1,1.5,3,0,2,1,1,852.3473131520855,1.1969567913492711
6,1,1.5,3,1,2,0,-1,852.3473131520855,1.6927525279007225
6,1,1.5,3,1,2,1,0,852.3473131520855,1.9546222553098025
6,1,1.5,3,1,2,2,1,852.3473131520855,0.6910633256938523
6,1,1.5,3,2,2,1,-1,852.3473131520855,2.185334116603334
6,1,1.5,3,2,2,2,0,852.3473131520855,1.545264573008531
6,1,1.5,3,3,2,2,-1,852.3473131520855,2.676476751587002
6,1,1.5,3,-3,3,-3,0,852.3473131520855,-2.3751374999999997
6,1,1.5,3,-3,3,-2,1,852.3473131520855,1.3712862749873744
6,1,1.5,3,-2,3,-3,-1,852.3473131520855,-1.3712862749873744
6,1,1.5,3,-2,3,-2,0,852.3473131520855,-1.5834249999999996
6,1,1.5,3,-2,3,-1,1,852.3473131520855,1.7703229686363018
6,1,1.5,3,-1,3,-2,-1,852.3473131520855,-1.770322968636302
6,1,1.5,3,-1,3,-1,0,852.3473131520855,-0.7917124999999998
6,1,1.5,3,-1,3,0,1,852.3473131520855,1.939291647983226
6,1,1.5,3,0,3,-1,-1,852.3473131520855,-1.939291647983226
6,1,1.5,3,0,3,0,0,852.3473131520855,-0.0
6,1,1.5,3,0,3,1,1,852.3473131520855,1.939291647983226
6,1,1.5,3,1,3,0,-1,852.3473131520855,-1.939291647983226
6,1,1.5,3,1,3,1,0,852.3473131520855,0.7917124999999998
6,1,1.5,3,1,3,2,1,852.3473131520855,1.770322968636302
6,1,1.5,3,2,3,1,-1,852.3473131520855,-1.7703229686363018
6,1,1.5,3,2,3,2,0,852.3473131520855,1.5834249999999996
6,1,1.5,3,2,3,3,1,852.3473131520855,1.3712862749873744
6,1,1.5,3,3,3,2,-1,852.3473131520855,-1.3712862749873744
6,1,1.5,3,3,3,3,0,852.3473131520855,2.3751374999999997
6,1,1.5,3,-3,4,-4,-1,852.3473131520855,2.0441928849894926
6,1,1.5,3,-3,4,-3,0,852.3473131520855,-1.0220964424947463
6,1,1.5,3,-3,4,-2,1,852.3473131520855,0.38631614325213276
6,1,1.5,3,-2,4,-3,-1,852.3473131520855,1.770322968636302
6,1,1.5,3,-2,4,-2,0,852.3473131520855,-1.338238375793501
6,1,1.5,3,-2,4,-1,1,852.3473131520855,0.6691191878967505
6,1,1.5,3,-1,4,-2,-1,852.3473131520855,1.496195989186589
6,1,1.5,3,-1,4,-1,0,852.3473131520855,-1.496195989186589
6,1,1.5,3,-1,4,0,1,852.3473131520855,0.9462774303676558
6,1,1.5,3,0,4,-1,-1,852.3473131520855,1.2216389095686266
6,1,1.5,3,0,4,0,0,852.3473131520855,-1.545264573008531
6,1,1.5,3,0,4,1,1,852.3473131520855,1.2216389095686266
6,1,1.5,3,1,4,0,-1,852.3473131520855,0.9462774303676558
6,1,1.5,3,1,4,1,0,852.3473131520855,-1.4961959891865886
6,1,1.5,3,1,4,2,1,852.3473131520855,1.496195989186589
6,1,1.5,3,2,4,1,-1,852.3473131520855,0.6691191878967505
6,1,1.5,3,2,4,2,0,852.3473131520855,-1.338238375793501
6,1,1.5,3,2,4,3,1,852.3473131520855,1.770322968636302
6,1,1.5,3,3,4,2,-1,852.3473131520855,0.38631614325213276
6,1,1.5,3,3,4,3,0,852.3473131520855,-1.0220964424947463
6,1,1.5,3,3,4,4,1,852.3473131520855,2.0441928849894926
6,1,1.5,3,-3,5,-4,-1,852.3473131520855,0.0
6,1,1.5,3,-3,5,-3,0,852.3473131520855,0.0
6,1,1.5,3,-3,5,-2,1,852.3473131520855,0.0
6,1,1.5,3,-2,5,-3,-1,852.3473131520855,0.0
6,1,1.5,3,-2,5,-2,0,852.3473131520855,0.0
6,1,1.5,3,-2,5,-1,1,852.3473131520855,0.0
6,1,1.5,3,-1,5,-2,-1,852.3473131520855,0.0
6,1,1.5,3,-1,5,-1,0,852.3473131520855,0.0
6,1,1.5,3,-1,5,0,1,852.3473131520855,0.0
6,1,1.5,3,0,5,-1,-1,852.3473131520855,0.0
6,1,1.5,3,0,5,0,0,852.3473131520855,0.0
6,1,1.5,3,0,5,1,1,852.3473131520855,0.0
6,1,1.5,3,1,5,0,-1,852.3473131520855,0.0
6,1,1.5,3,1,5,1,0,852.3473131520855,0.0
6,1,1.5,3,1,5,2,1,852.3473131520855,0.0
6,1,1.5,3,2,5,1,-1,852.3473131520855,0.0
6,1,1.5,3,2,5,2,0,852.3473131520855,0.0
6,1,1.5,3,2,5,3,1,852.3473131520855,0.0
6,1,1.5,3,3,5,2,-1,852.3473131520855,0.0
6,1,1.5,3,3,5,3,0,852.3473131520855,0.0
6,1,1.5,3,3,5,4,1,852.3473131520855,0.0
6,1,1.5,4,-3,2,-2,1,852.3473131520855,0.0
6,1,1.5,4,-2,2,-2,0,852.3473131520855,0.0
6,1,1.5,4,-2,2,-1,1,852.3473131520855,0.0
6,1,1.5,4,-1,2,-2,-1,852.3473131520855,0.0
6,1,1.5,4,-1,2,-1,0,852.3473131520855,0.0
6,1,1.5,4,-1,2,0,1,852.3473131520855,0.0
6,1,1.5,4,0,2,-1,-1,852.3473131520855,0.0
6,1,1.5,4,0,2,0,0,852.3473131520855,0.0
6,1,1.5,4,0,2,1,1,852.3473131520855,0.0
6,1,1.5,4,1,2,0,-1,852.3473131520855,0.0
6,1,1.5,4,1,2,1,0,852.3473131520855,0.0
6,1,1.5,4,1,2,2,1,852.3473131520855,0.0
6,1,1.5,4,2,2,1,-1,852.3473131520855,0.0
6,1,1.5,4,2,2,2,0,852.3473131520855,0.0
6,1,1.5,4,3,2,2,-1,852.3473131520855,0.0
6,1,1.5,4,-4,3,-3,1,852.3473131520855,1.3964495899074834
6,1,1.5,4,-3,3,-3,0,852.3473131520855,0.6982247949537417
6,1,1.5,4,-3,3,-2,1,852.3473131520855,1.209360819964242
6,1,1.5,4,-2,3,-3,-1,852.3473131520855,0.2639041666666667
6,1,1.5,4,-2,3,-2,0,852.3473131520855,0.9141908499915832
6,1,1.5,4,-2,3,-1,1,852.3473131520855,1.0220964424947463
6,1,1.5,4,-1,3,-2,-1,852.3473131520855,0.4570954249957916
6,1,1.5,4,-1,3,-1,0,852.3473131520855,1.0220964424947463
6,1,1.5,4,-1,3,0,1,852.3473131520855,0.8345382506753526
6,1,1.5,4,0,3,-1,-1,852.3473131520855,0.6464305493277422
6,1,1.5,4,0,3,0,0,852.3473131520855,1.0556166666666669
6,1,1.5,4,0,3,1,1,852.3473131520855,0.6464305493277422
6,1,1.5,4,1,3,0,-1,852.3473131520855,0.8345382506753526
6,1,1.5,4,1,3,1,0,852.3473131520855,1.0220964424947463
6,1,1.5,4,1,3,2,1,852.3473131520855,0.4570954249957916
6,1,1.5,4,2,3,1,-1,852.3473131520855,1.0220964424947463
6,1,1.5,4,2,3,2,0,852.3473131520855,0.9141908499915832
6,1,1.5,4,2,3,3,1,852.3473131520855,0.2639041666666667
6,1,1.5,4,3,3,2,-1,852.3473131520855,1.209360819964242
6,1,1.5,4,3,3,3,0,852.3473131520855,0.6982247949537417
6,1,1.5,4,4,3,3,-1,852.3473131520855,1.3964495899074834
6,1,1.5,4,-4,4,-4,0,852.3473131520855,-2.163370402211944
6,1,1.5,4,-4,4,-3,1,852.3473131520855,1.081685201105972
6,1,1.5,4,-3,4,-4,-1,852.3473131520855,-1.081685201105972
6,1,1.5,4,-3,4,-3,0,852.3473131520855,-1.6225278016589584
6,1,1.5,4,-3,4,-2,1,852.3473131520855,1.4309350194926456
6,1,1.5,4,-2,4,-3,-1,852.3473131520855,-1.4309350194926456
6,1,1.5,4,-2,4,-2,0,852.3473131520855,-1.0816852011059719
6,1,1.5,4,-2,4,-1,1,852.3473131520855,1.622527801658958
6,1,1.5,4,-1,4,-2,-1,852.3473131520855,-1.622527801658958
6,1,1.5,4,-1,4,-1,0,852.3473131520855,-0.5408426005529859
6,1,1.5,4,-1,4,0,1,852.3473131520855,1.7102944733960779
6,1,1.5,4,0,4,-1,-1,852.3473131520855,-1.7102944733960783
6,1,1.5,4,0,4,0,0,852.3473131520855,-0.0
6,1,1.5,4,0,4,1,1,852.3473131520855,1.7102944733960779
6,1,1.5,4,1,4,0,-1,852.3473131520855,-1.7102944733960779
6,1,1.5,4,1,4,1,0,852.3473131520855,0.5408426005529859
6,1,1.5,4,1,4,2,1,852.3473131520855,1.622527801658958
6,1,1.5,4,2,4,1,-1,852.3473131520855,-1.622527801658958
6,1,1.5,4,2,4,2,0,852.3473131520855,1.0816852011059719
6,1,1.5,4,2,4,3,1,852.3473131520855,1.4309350194926456
6,1,1.5,4,3,4,2,-1,852.3473131520855,-1.4309350194926456
6,1,1.5,4,3,4,3,0,852.3473131520855,1.6225278016589584
6,1,1.5,4,3,4,4,1,852.3473131520855,1.081685201105972
6,1,1.5,4,4,4,3,-1,852.3473131520855,-1.081685201105972
6,1,1.5,4,4,4,4,0,852.3473131520855,2.163370402211944
6,1,1.5,4,-4,5,-5,-1,852.3473131520855,3.16685
6,1,1.5,4,-4,5,-4,0,852.3473131520855,-1.416258374909042
6,1,1.5,4,-4,5,-3,1,852.3473131520855,0.47208612496968066
6,1,1.5,4,-3,5,-4,-1,852.3473131520855,2.832516749818084
6,1,1.5,4,-3,5,-3,0,852.3473131520855,-1.8883444998787227
6,1,1.5,4,-3,5,-2,1,852.3473131520855,0.8176771539957972
6,1,1.5,4,-2,5,-3,-1,852.3473131520855,2.498044968147869
6,1,1.5,4,-2,5,-2,0,852.3473131520855,-2.1633704022119438
6,1,1.5,4,-2,5,-1,1,852.3473131520855,1.1563701208234904
6,1,1.5,4,-1,5,-2,-1,852.3473131520855,2.1633704022119438
6,1,1.5,4,-1,5,-1,0,852.3473131520855,-2.312740241646981
6,1,1.5,4,-1,5,0,1,852.3473131520855,1.4928674066670788
6,1,1.5,4,0,5,-1,-1,852.3473131520855,1.8283816999831664
6,1,1.5,4,0,5,0,0,852.3473131520855,-2.360430624848403
6,1,1.5,4,0,5,1,1,852.3473131520855,1.8283816999831664
6,1,1.5,4,1,5,0,-1,852.3473131520855,1.4928674066670788
6,1,1.5,4,1,5,1,0,852.3473131520855,-2.312740241646981
6,1,1.5,4,1,5,2,1,852.3473131520855,2.1633704022119438
6,1,1.5,4,2,5,1,-1,852.3473131520855,1.1563701208234904
6,1,1.5,4,2,5,2,0,852.3473131520855,-2.1633704022119438
6,1,1.5,4,2,5,3,1,852.3473131520855,2.498044968147869
6,1,1.5,4,3,5,2,-1,852.3473131520855,0.8176771539957972
6,1,1.5,4,3,5,3,0,852.3473131520855,-1.8883444998787227
6,1,1.5,4,3,5,4,1,852.3473131520855,2.832516749818084
6,1,1.5,4,4,5,3,-1,852.3473131520855,0.47208612496968066
6,1,1.5,4,4,5,4,0,852.3473131520855,-1.416258374909042
6,1,1.5,4,4,5,5,1,852.3473131520855,3.16685
7,1,0.5,3,-3,3,-3,0,459.44592591357457,0.08441554026066526
7,1,0.5,3,-3,3,-2,1,459.44592591357457,-0.048737334893282774
7,1,0.5,3,-2,3,-3,-1,459.44592591357457,0.048737334893282774
7,1,0.5,3,-2,3,-2,0,459.44592591357457,0.0562770268404435
7,1,0.5,3,-2,3,-1,1,459.44592591357457,-0.06291962879340594
7,1,0.5,3,-1,3,-2,-1,459.44592591357457,0.06291962879340596
7,1,0.5,3,-1,3,-1,0,459.44592591357457,0.02813851342022175
7,1,0.5,3,-1,3,0,1,459.44592591357457,-0.06892499999999997
7,1,0.5,3,0,3,-1,-1,459.44592591357457,0.06892499999999997
7,1,0.5,3,0,3,0,0,459.44592591357457,0.0
7,1,0.5,3,0,3,1,1,459.44592591357457,-0.06892499999999997
7,1,0.5,3,1,3,0,-1,459.44592591357457,0.06892499999999997
7,1,0.5,3,1,3,1,0,459.44592591357457,-0.02813851342022175
7,1,0.5,3,1,3,2,1,459.44592591357457,-0.06291962879340596
7,1,0.5,3,2,3,1,-1,459.44592591357457,0.06291962879340594
7,1,0.5,3,2,3,2,0,459.44592591357457,-0.0562770268404435
7,1,0.5,3,2,3,3,1,459.44592591357457,-0.048737334893282774
7,1,0.5,3,3,3,2,-1,459.44592591357457,0.048737334893282774
7,1,0.5,3,3,3,3,0,459.44592591357457,-0.08441554026066526
7,1,0.5,3,-3,4,-4,-1,459.44592591357457,-0.14889501754592058
7,1,0.5,3,-3,4,-3,0,459.44592591357457,0.07444750877296029
7,1,0.5,3,-3,4,-2,1,459.44592591357457,-0.028138513420221757
7,1,0.5,3,-2,4,-3,-1,459.44592591357457,-0.12894686769169694
7,1,0.5,3,-2,4,-2,0,459.44592591357457,0.09747466978656555
7,1,0.5,3,-2,4,-1,1,459.44592591357457,-0.048737334893282774
7,1,0.5,3,-1,4,-2,-1,459.44592591357457,-0.10897999386355277
7,1,0.5,3,-1,4,-1,0,459.44592591357457,0.10897999386355277
7,1,0.5,3,-1,4,0,1,459.44592591357457,-0.06892499999999997
7,1,0.5,3,0,4,-1,-1,459.44592591357457,-0.08898179237911538
7,1,0.5,3,0,4,0,0,459.44592591357457,0.11255405368088703
7,1,0.5,3,0,4,1,1,459.44592591357457,-0.08898179237911538
7,1,0.5,3,1,4,0,-1,459.44592591357457,-0.06892499999999997
7,1,0.5,3,1,4,1,0,459.44592591357457,0.10897999386355274
7,1,0.5,3,1,4,2,1,459.44592591357457,-0.10897999386355277
7,1,0.5,3,2,4,1,-1,459.44592591357457,-0.048737334893282774
7,1,0.5,3,2,4,2,0,459.44592591357457,0.09747466978656555
7,1,0.5,3,2,4,3,1,459.44592591357457,-0.12894686769169694
7,1,0.5,3,3,4,2,-1,459.44592591357457,-0.028138513420221757
7,1,0.5,3,3,4,3,0,459.44592591357457,0.07444750877296029
7,1,0.5,3,3,4,4,1,459.44592591357457,-0.14889501754592058
7,1,0.5,4,-4,3,-3,1,459.44592591357457,0.1488950175459206
7,1,0.5,4,-3,3,-3,0,459.44592591357457,0.0744475087729603
7,1,0.5,4,-3,3,-2,1,459.44592591357457,0.12894686769169694
7,1,0.5,4,-2,3,-3,-1,459.44592591357457,0.028138513420221757
7,1,0.5,4,-2,3,-2,0,459.44592591357457,0.09747466978656555
7,1,0.5,4,-2,3,-1,1,459.44592591357457,0.10897999386355274
7,1,0.5,4,-1,3,-2,-1,459.44592591357457,0.048737334893282774
7,1,0.5,4,-1,3,-1,0,459.44592591357457,0.10897999386355274
7,1,0.5,4,-1,3,0,1,459.44592591357457,0.08898179237911538
7,1,0.5,4,0,3,-1,-1,459.44592591357457,0.06892499999999997
7,1,0.5,4,0,3,0,0,459.44592591357457,0.11255405368088703
7,1,0.5,4,0,3,1,1,459.44592591357457,0.06892499999999997
7,1,0.5,4,1,3,0,-1,459.44592591357457,0.08898179237911538
7,1,0.5,4,1,3,1,0,459.44592591357457,0.10897999386355274
7,1,0.5,4,1,3,2,1,459.44592591357457,0.048737334893282774
7,1,0.5,4,2,3,1,-1,459.44592591357457,0.10897999386355274
7,1,0.5,4,2,3,2,0,459.44592591357457,0.09747466978656555
7,1,0.5,4,2,3,3,1,459.44592591357457,0.028138513420221757
7,1,0.5,4,3,3,2,-1,459.44592591357457,0.12894686769169694
7,1,0.5,4,3,3,3,0,459.44592591357457,0.0744475087729603
7,1,0.5,4,4,3,3,-1,459.44592591357457,0.1488950175459206
7,1,0.5,4,-4,4,-4,0,459.44592591357457,-0.11255405368088703
7,1,0.5,4,-4,4,-3,1,459.44592591357457,0.056277026840443514
7,1,0.5,4,-3,4,-4,-1,459.44592591357457,-0.056277026840443514
7,1,0.5,4,-3,4,-3,0,459.44592591357457,-0.08441554026066528
7,1,0.5,4,-3,4,-2,1,459.44592591357457,0.0744475087729603
7,1,0.5,4,-2,4,-3,-1,459.44592591357457,-0.0744475087729603
7,1,0.5,4,-2,4,-2,0,459.44592591357457,-0.05627702684044351
7,1,0.5,4,-2,4,-1,1,459.44592591357457,0.08441554026066526
7,1,0.5,4,-1,4,-2,-1,459.44592591357457,-0.08441554026066526
7,1,0.5,4,-1,4,-1,0,459.44592591357457,-0.028138513420221754
7,1,0.5,4,-1,4,0,1,459.44592591357457,0.08898179237911538
7,1,0.5,4,0,4,-1,-1,459.44592591357457,-0.08898179237911541
7,1,0.5,4,0,4,0,0,459.44592591357457,-0.0
7,1,0.5,4,0,4,1,1,459.44592591357457,0.08898179237911538
7,1,0.5,4,1,4,0,-1,459.44592591357457,-0.08898179237911538
7,1,0.5,4,1,4,1,0,459.44592591357457,0.028138513420221754
7,1,0.5,4,1,4,2,1,459.44592591357457,0.08441554026066526
7,1,0.5,4,2,4,1,-1,459.44592591357457,-0.08441554026066526
7,1,0.5,4,2,4,2,0,459.44592591357457,0.05627702684044351
7,1,0.5,4,2,4,3,1,459.44592591357457,0.0744475087729603
7,1,0.5,4,3,4,2,-1,459.44592591357457,-0.0744475087729603
7,1,0.5,4,3,4,3,0,459.44592591357457,0.08441554026066528
7,1,0.5,4,3,4,4,1,459.44592591357457,0.056277026840443514
7,1,0.5,4,4,4,3,-1,459.44592591357457,-0.056277026840443514
7,1,0.5,4,4,4,4,0,459.44592591357457,0.11255405368088703
7,1,1.5,3,-3,2,-2,1,455.6556830948913,0.24746116578450958
7,1,1.5,3,-2,2,-2,0,455.6556830948913,0.14287177067966525
7,1,1.5,3,-2,2,-1,1,455.6556830948913,0.20205119577544128
7,1,1.5,3,-1,2,-2,-1,455.6556830948913,0.06389419826109856
7,1,1.5,3,-1,2,-1,0,455.6556830948913,0.18072008347560198
7,1,1.5,3,-1,2,0,1,455.6556830948913,0.15650818326391572
7,1,1.5,3,0,2,-1,-1,455.6556830948913,0.11066799769710171
7,1,1.5,3,0,2,0,0,455.6556830948913,0.1916825947832957
7,1,1.5,3,0,2,1,1,455.6556830948913,0.11066799769710171
7,1,1.5,3,1,2,0,-1,455.6556830948913,0.15650818326391572
7,1,1.5,3,1,2,1,0,455.6556830948913,0.18072008347560198
7,1,1.5,3,1,2,2,1,455.6556830948913,0.06389419826109856
7,1,1.5,3,2,2,1,-1,455.6556830948913,0.20205119577544128
7,1,1.5,3,2,2,2,0,455.6556830948913,0.14287177067966525
7,1,1.5,3,3,2,2,-1,455.6556830948913,0.24746116578450958
7,1,1.5,3,-3,3,-3,0,455.6556830948913,-0.21959999999999996
7,1,1.5,3,-3,3,-2,1,455.6556830948913,0.12678611911404178
7,1,1.5,3,-2,3,-3,-1,455.6556830948913,-0.12678611911404178
7,1,1.5,3,-2,3,-2,0,455.6556830948913,-0.14639999999999995
7,1,1.5,3,-2,3,-1,1,455.6556830948913,0.16368017595298456
7,1,1.5,3,-1,3,-2,-1,455.6556830948913,-0.1636801759529846
7,1,1.5,3,-1,3,-1,0,455.6556830948913,-0.07319999999999997
7,1,1.5,3,-1,3,0,1,455.6556830948913,0.17930264917172856
7,1,1.5,3,0,3,-1,-1,455.6556830948913,-0.17930264917172856
7,1,1.5,3,0,3,0,0,455.6556830948913,-0.0
7,1,1.5,3,0,3,1,1,455.6556830948913,0.17930264917172856
7,1,1.5,3,1,3,0,-1,455.6556830948913,-0.17930264917172856
7,1,1.5,3,1,3,1,0,455.6556830948913,0.07319999999999997
7,1,1.5,3,1,3,2,1,455.6556830948913,0.1636801759529846
7,1,1.5,3,2,3,1,-1,455.6556830948913,-0.16368017595298456
7,1,1.5,3,2,3,2,0,455.6556830948913,0.14639999999999995
7,1,1.5,3,2,3,3,1,455.6556830948913,0.12678611911404178
7,1,1.5,3,3,3,2,-1,455.6556830948913,-0.12678611911404178
7,1,1.5,3,3,3,3,0,455.6556830948913,0.21959999999999996
7,1,1.5,3,-3,4,-4,-1,455.6556830948913,0.18900158729492192
7,1,1.5,3,-3,4,-3,0,455.6556830948913,-0.09450079364746096
7,1,1.5,3,-3,4,-2,1,455.6556830948913,0.03571794266991631
7,1,1.5,3,-2,4,-3,-1,455.6556830948913,0.1636801759529846
7,1,1.5,3,-2,4,-2,0,455.6556830948913,-0.12373058289225479
7,1,1.5,3,-2,4,-1,1,455.6556830948913,0.061865291446127395
7,1,1.5,3,-1,4,-2,-1,455.6556830948913,0.13833499712137715
7,1,1.5,3,-1,4,-1,0,455.6556830948913,-0.13833499712137715
7,1,1.5,3,-1,4,0,1,455.6556830948913,0.08749073420327758
7,1,1.5,3,0,4,-1,-1,455.6556830948913,0.11295005217225125
7,1,1.5,3,0,4,0,0,455.6556830948913,-0.14287177067966525
7,1,1.5,3,0,4,1,1,455.6556830948913,0.11295005217225125
7,1,1.5,3,1,4,0,-1,455.6556830948913,0.08749073420327758
7,1,1.5,3,1,4,1,0,455.6556830948913,-0.13833499712137712
7,1,1.5,3,1,4,2,1,455.6556830948913,0.13833499712137715
7,1,1.5,3,2,4,1,-1,455.6556830948913,0.061865291446127395
7,1,1.5,3,2,4,2,0,455.6556830948913,-0.12373058289225479
7,1,1.5,3,2,4,3,1,455.6556830948913,0.1636801759529846
7,1,1.5,3,3,4,2,-1,455.6556830948913,0.03571794266991631
7,1,1.5,3,3,4,3,0,455.6556830948913,-0.09450079364746096
7,1,1.5,3,3,4,4,1,455.6556830948913,0.18900158729492192
7,1,1.5,3,-3,5,-4,-1,455.6556830948913,0.0
7,1,1.5,3,-3,5,-3,0,455.6556830948913,0.0
7,1,1.5,3,-3,5,-2,1,455.6556830948913,0.0
7,1,1.5,3,-2,5,-3,-1,455.6556830948913,0.0
7,1,1.5,3,-2,5,-2,0,455.6556830948913,0.0
7,1,1.5,3,-2,5,-1,1,455.6556830948913,0.0
7,1,1.5,3,-1,5,-2,-1,455.6556830948913,0.0
7,1,1.5,3,-1,5,-1,0,455.6556830948913,0.0
7,1,1.5,3,-1,5,0,1,455.6556830948913,0.0
7,1,1.5,3,0,5,-1,-1,455.6556830948913,0.0
7,1,1.5,3,0,5,0,0,455.6556830948913,0.0
7,1,1.5,3,0,5,1,1,455.6556830948913,0.0
7,1,1.5,3,1,5,0,-1,455.6556830948913,0.0
7,1,1.5,3,1,5,1,0,455.6556830948913,0.0
7,1,1.5,3,1,5,2,1,455.6556830948913,0.0
7,1,1.5,3,2,5,1,-1,455.6556830948913,0.0
7,1,1.5,3,2,5,2,0,455.6556830948913,0.0
7,1,1.5,3,2,5,3,1,455.6556830948913,0.0
7,1,1.5,3,3,5,2,-1,455.6556830948913,0.0
7,1,1.5,3,3,5,3,0,455.6556830948913,0.0
7,1,1.5,3,3,5,4,1,455.6556830948913,0.0
7,1,1.5,4,-3,2,-2,1,455.6556830948913,0.0
7,1,1.5,4,-2,2,-2,0,455.6556830948913,0.0
7,1,1.5,4,-2,2,-1,1,455.6556830948913,0.0
7,1,1.5,4,-1,2,-2,-1,455.6556830948913,0.0
7,1,1.5,4,-1,2,-1,0,455.6556830948913,0.0
7,1,1.5,4,-1,2,0,1,455.6556830948913,0.0
7,1,1.5,4,0,2,-1,-1,455.6556830948913,0.0
7,1,1.5,4,0,2,0,0,455.6556830948913,0.0
7,1,1.5,4,0,2,1,1,455.6556830948913,0.0
7,1,1.5,4,1,2,0,-1,455.6556830948913,0.0
7,1,1.5,4,1,2,1,0,455.6556830948913,0.0
7,1,1.5,4,1,2,2,1,455.6556830948913,0.0
7,1,1.5,4,2,2,1,-1,455.6556830948913,0.0
7,1,1.5,4,2,2,2,0,455.6556830948913,0.0
7,1,1.5,4,3,2,2,-1,455.6556830948913,0.0
7,1,1.5,4,-4,3,-3,1,455.6556830948913,0.12911266397995205
7,1,1.5,4,-3,3,-3,0,455.6556830948913,0.06455633198997603
7,1,1.5,4,-3,3,-2,1,455.6556830948913,0.11181484695692252
7,1,1.5,4,-2,3,-3,-1,455.6556830948913,0.0244
7,1,1.5,4,-2,3,-2,0,455.6556830948913,0.08452407940936121
7,1,1.5,4,-2,3,-1,1,455.6556830948913,0.09450079364746096
7,1,1.5,4,-1,3,-2,-1,455.6556830948913,0.04226203970468061
7,1,1.5,4,-1,3,-1,0,455.6556830948913,0.09450079364746096
7,1,1.5,4,-1,3,0,1,455.6556830948913,0.07715957490810844
7,1,1.5,4,0,3,-1,-1,455.6556830948913,0.05976754972390954
7,1,1.5,4,0,3,0,0,455.6556830948913,0.0976
7,1,1.5,4,0,3,1,1,455.6556830948913,0.05976754972390954
7,1,1.5,4,1,3,0,-1,455.6556830948913,0.07715957490810844
7,1,1.5,4,1,3,1,0,455.6556830948913,0.09450079364746096
7,1,1.5,4,1,3,2,1,455.6556830948913,0.04226203970468061
7,1,1.5,4,2,3,1,-1,455.6556830948913,0.09450079364746096
7,1,1.5,4,2,3,2,0,455.6556830948913,0.08452407940936121
7,1,1.5,4,2,3,3,1,455.6556830948913,0.0244
7,1,1.5,4,3,3,2,-1,455.6556830948913,0.11181484695692252
7,1,1.5,4,3,3,3,0,455.6556830948913,0.06455633198997603
7,1,1.5,4,4,3,3,-1,455.6556830948913,0.12911266397995205
7,1,1.5,4,-4,4,-4,0,455.6556830948913,-0.2000204789515314
7,1,1.5,4,-4,4,-3,1,455.6556830948913,0.1000102394757657
7,1,1.5,4,-3,4,-4,-1,455.6556830948913,-0.1000102394757657
7,1,1.5,4,-3,4,-3,0,455.6556830948913,-0.15001535921364856
7,1,1.5,4,-3,4,-2,1,455.6556830948913,0.13230111110644538
7,1,1.5,4,-2,4,-3,-1,455.6556830948913,-0.13230111110644538
7,1,1.5,4,-2,4,-2,0,455.6556830948913,-0.10001023947576568
7,1,1.5,4,-2,4,-1,1,455.6556830948913,0.15001535921364853
7,1,1.5,4,-1,4,-2,-1,455.6556830948913,-0.15001535921364853
7,1,1.5,4,-1,4,-1,0,455.6556830948913,-0.05000511973788284
7,1,1.5,4,-1,4,0,1,455.6556830948913,0.15813007304115181
7,1,1.5,4,0,4,-1,-1,455.6556830948913,-0.15813007304115184
7,1,1.5,4,0,4,0,0,455.6556830948913,-0.0
7,1,1.5,4,0,4,1,1,455.6556830948913,0.15813007304115181
7,1,1.5,4,1,4,0,-1,455.6556830948913,-0.15813007304115181
7,1,1.5,4,1,4,1,0,455.6556830948913,0.05000511973788284
7,1,1.5,4,1,4,2,1,455.6556830948913,0.15001535921364853
7,1,1.5,4,2,4,1,-1,455.6556830948913,-0.15001535921364853
7,1,1.5,4,2,4,2,0,455.6556830948913,0.10001023947576568
7,1,1.5,4,2,4,3,1,455.6556830948913,0.13230111110644538
7,1,1.5,4,3,4,2,-1,455.6556830948913,-0.13230111110644538
7,1,1.5,4,3,4,3,0,455.6556830948913,0.15001535921364856
7,1,1.5,4,3,4,4,1,455.6556830948913,0.1000102394757657
7,1,1.5,4,4,4,3,-1,455.6556830948913,-0.1000102394757657
7,1,1.5,4,4,4,4,0,455.6556830948913,0.2000204789515314
7,1,1.5,4,-4,5,-5,-1,455.6556830948913,0.2928
7,1,1.5,4,-4,5,-4,0,455.6556830948913,-0.1309441407623877
7,1,1.5,4,-4,5,-3,1,455.6556830948913,0.043648046920795894
7,1,1.5,4,-3,5,-4,-1,455.6556830948913,0.2618882815247754
7,1,1.5,4,-3,5,-3,0,455.6556830948913,-0.17459218768318358
7,1,1.5,4,-3,5,-2,1,455.6556830948913,0.07560063491796877
7,1,1.5,4,-2,5,-3,-1,455.6556830948913,0.230963754732209
7,1,1.5,4,-2,5,-2,0,455.6556830948913,-0.20002047895153138
7,1,1.5,4,-2,5,-1,1,455.6556830948913,0.10691544322500844
7,1,1.5,4,-1,5,-2,-1,455.6556830948913,0.20002047895153138
7,1,1.5,4,-1,5,-1,0,455.6556830948913,-0.21383088645001688
7,1,1.5,4,-1,5,0,1,455.6556830948913,0.1380272436876141
7,1,1.5,4,0,5,-1,-1,455.6556830948913,0.16904815881872243
7,1,1.5,4,0,5,0,0,455.6556830948913,-0.21824023460397945
7,1,1.5,4,0,5,1,1,455.6556830948913,0.16904815881872243
7,1,1.5,4,1,5,0,-1,455.6556830948913,0.1380272436876141
7,1,1.5,4,1,5,1,0,455.6556830948913,-0.21383088645001688
7,1,1.5,4,1,5,2,1,455.6556830948913,0.20002047895153138
7,1,1.5,4,2,5,1,-1,455.6556830948913,0.10691544322500844
7,1,1.5,4,2,5,2,0,455.6556830948913,-0.20002047895153138
7,1,1.5,4,2,5,3,1,455.6556830948913,0.230963754732209
7,1,1.5,4,3,5,2,-1,455.6556830948913,0.07560063491796877
7,1,1.5,4,3,5,3,0,455.6556830948913,-0.17459218768318358
7,1,1.5,4,3,5,4,1,455.6556830948913,0.2618882815247754
7,1,1.5,4,4,5,3,-1,455.6556830948913,0.043648046920795894
7,1,1.5,4,4,5,4,0,455.6556830948913,-0.1309441407623877
7,1,1.5,4,4,5,5,1,455.6556830948913,0.2928
